Id,Title
1882931173,Its Only Art If Its Well Hung!
0826414346,Dr. Seuss: American Icon
0826414346,Dr. Seuss: American Icon
0826414346,Dr. Seuss: American Icon
0826414346,Dr. Seuss: American Icon
0826414346,Dr. Seuss: American Icon
0826414346,Dr. Seuss: American Icon
0826414346,Dr. Seuss: American Icon
0826414346,Dr. Seuss: American Icon
0826414346,Dr. Seuss: American Icon
0829814000,Wonderful Worship in Smaller Churches
0829814000,Wonderful Worship in Smaller Churches
0829814000,Wonderful Worship in Smaller Churches
0829814000,Wonderful Worship in Smaller Churches
0595344550,Whispers of the Wicked Saints
0595344550,Whispers of the Wicked Saints
0595344550,Whispers of the Wicked Saints
0595344550,Whispers of the Wicked Saints
0595344550,Whispers of the Wicked Saints
0595344550,Whispers of the Wicked Saints
0595344550,Whispers of the Wicked Saints
0595344550,Whispers of the Wicked Saints
0595344550,Whispers of the Wicked Saints
0595344550,Whispers of the Wicked Saints
0595344550,Whispers of the Wicked Saints
0595344550,Whispers of the Wicked Saints
0595344550,Whispers of the Wicked Saints
0595344550,Whispers of the Wicked Saints
0595344550,Whispers of the Wicked Saints
0595344550,Whispers of the Wicked Saints
0595344550,Whispers of the Wicked Saints
0595344550,Whispers of the Wicked Saints
0595344550,Whispers of the Wicked Saints
0595344550,Whispers of the Wicked Saints
0595344550,Whispers of the Wicked Saints
0595344550,Whispers of the Wicked Saints
0595344550,Whispers of the Wicked Saints
0595344550,Whispers of the Wicked Saints
0595344550,Whispers of the Wicked Saints
0595344550,Whispers of the Wicked Saints
0595344550,Whispers of the Wicked Saints
0595344550,Whispers of the Wicked Saints
0595344550,Whispers of the Wicked Saints
0595344550,Whispers of the Wicked Saints
0595344550,Whispers of the Wicked Saints
0595344550,Whispers of the Wicked Saints